url,facebook,twitter,linkedin,support_email
https://redskydigital.com,,,,info@redskydigital.com
https://prosoftwarecompany.com,https://web.facebook.com/prosoftwarecompany/,,,
https://manaosoftware.com,https://www.facebook.com/manaosoftware/,,https://www.linkedin.com/company/manaosoftware/,info@manaosoftware.com
https://www.codefirst.co.uk,https://www.facebook.com/codefirst,https://twitter.com/code_first,,contact@codefirst.net
https://www.stxnext.com,https://www.facebook.com/StxNext,,https://www.linkedin.com/company/stx-next-ai-solutions/,business@stxnext.com
https://www.investopedia.com,https://www.facebook.com/Investopedia/,https://twitter.com/investopedia,https://www.linkedin.com/company/investopedia-ulc,
https://prosoftwarecompany.com/contact/,https://web.facebook.com/prosoftwarecompany/,,,sammy@prosoftwarecompany.com
https://topdesignfirms.com,https://www.facebook.com/topdesignfirms,https://twitter.com/topdesignfirms,,
https://computools.com,,,,info@computools.com
https://www.thehindu.com,https://www.facebook.com/thehindu,https://twitter.com/The_Hindu,https://www.linkedin.com/school/the-hindu/,
https://theninehertz.com,https://www.facebook.com/NineHertz,https://twitter.com/TheNineHertz,https://www.linkedin.com/company/nine-hertz-india-pvt-ltd-/mycompany/,
https://www.topdevelopers.co,https://www.facebook.com/TopDevelopersCo/,https://twitter.com/TopDevelopersCo,https://www.linkedin.com/company/topdevelopers.co,contact@topdevelopers.co
https://contour-software.com,https://www.facebook.com/contoursoftware/,https://twitter.com/ContourSoftware,https://www.linkedin.com/authwall?trk=gf&trkInfo=AQHthCkiTT4KdwAAAXLl4TCA6lC57W3g5YObu09tjSYXIqGJE82QlSzdksYJyVacXlbAJKLEJsHIYugbkb3W4GRUqeQzuRE3Vszlrva1J_NIX4Tjz4SPwjjOAQh5oyO8_UDOIZI=&originalReferer=http://contour-software.com/contact-2/&sessionRedirect=https%3A%2F%2Fwww.linkedin.com%2Fcompany%2Fcontoursoftware%2F,
https://undefeatedsoftware.dev,,,,
https://visualobjects.com,https://www.facebook.com/VisualObjects,https://twitter.com/VisualObjects,https://www.linkedin.com/company/visual-objects/,
https://undefeatedsoftware.dev/contact,,,,
https://www.uksoftware.ltd.uk,,,,
https://www.classicinformatics.com,https://www.facebook.com/classicinformatics,https://twitter.com/classicinfo,https://www.linkedin.com/company/classic-informatics-private-limited/,hello@classicinformatics.com
https://www.lightflows.co.uk,https://www.facebook.com/lightflows.creative,https://twitter.com/lightflows,https://www.linkedin.com/company/lightflows,
https://www.tekrevol.com,https://www.facebook.com/TekRevolOfficial/,https://twitter.com/tekrevol,https://www.linkedin.com/company/tekrevol/,info@tekrevol.com
https://www.skypotential.co.uk,https://www.facebook.com/skypotentialuk,https://twitter.com/skypotentialuk,https://www.linkedin.com/company/sky-potential-technologiesuk,support@skypotential.com
https://topdesignfirms.com/digital-marketing-companies,https://www.facebook.com/topdesignfirms,https://twitter.com/topdesignfirms,,
https://theninehertz.com/contact,https://www.facebook.com/NineHertz,https://twitter.com/TheNineHertz,https://www.linkedin.com/company/nine-hertz-india-pvt-ltd-/,
https://www.uksoftware.ltd.uk/contact,,,,support@uksoftware.ltd.uk
https://www.mobileappdaily.com,https://www.facebook.com/MobileAppDaily,https://twitter.com/mobileappdaily,https://www.linkedin.com/company/mobileappdaily/,editor@mobileappdaily.com
https://tsh.io,https://facebook.com/TheSoftwareHousePL/,https://twitter.com/RealTSH,https://linkedin.com/company/the-software-house/,hello@tsh.io
https://find-and-update.company-information.service.gov.uk,,,,
https://contour-software.com/contact/,https://www.facebook.com/contoursoftware/,https://twitter.com/ContourSoftware,https://www.linkedin.com/authwall?trk=gf&trkInfo=AQHthCkiTT4KdwAAAXLl4TCA6lC57W3g5YObu09tjSYXIqGJE82QlSzdksYJyVacXlbAJKLEJsHIYugbkb3W4GRUqeQzuRE3Vszlrva1J_NIX4Tjz4SPwjjOAQh5oyO8_UDOIZI=&originalReferer=http://contour-software.com/contact-2/&sessionRedirect=https%3A%2F%2Fwww.linkedin.com%2Fcompany%2Fcontoursoftware%2F,info@contour-software.com
https://radixweb.com,,,,biz@radixweb.in
https://techreviewer.co,https://www.facebook.com/techreviewer.co,https://twitter.com/techreviewer_co,https://www.linkedin.com/company/techreviewer/,
https://www.ebeni.com,,https://twitter.com/contact_ebeni,https://www.linkedin.com/company/ebeni/,info@ebeni.com
https://topsoftwarecompanies.co,https://www.facebook.com/Top-Software-Companies-326904771546132,https://twitter.com/topsoftwarefirm,https://www.linkedin.com/company/top-software-companies,
https://www.one-beyond.com,https://www.facebook.com/OneBeyondSoftware,https://twitter.com/OneBeyond_,https://www.linkedin.com/company/onebeyond/,
https://www.goodcore.co.uk,https://www.facebook.com/goodcoresoftware/,,https://www.linkedin.com/company/goodcore-software,contact@goodcore.co.uk
https://www.havenocode.io,https://www.facebook.com/havenocode/,,https://www.linkedin.com/in/emil-bednarczyk/,"work@email.com,hello@havenocode.io"
https://itenterprise.co.uk,https://www.facebook.com/itenterpriseuk/,https://twitter.com/itenterpriseuk,https://www.linkedin.com/company/it-enterprise-uk-,contact@itenterprise.co.uk
https://themanifest.com,https://www.facebook.com/themanifestguide/,https://twitter.com/the__manifest/,https://www.linkedin.com/company/the-manifest-business-guide/,
https://www.rightfirms.co,,,,
https://limeup.io,,,https://www.linkedin.com/company/limeup/,hello@limeup.io
https://www.kendrion.com/en/,https://www.facebook.com/Kendrion-100515470091161/,,https://www.linkedin.com/company/kendrion-nv/,office@kendrion-binder.at
https://www.djsresearch.co.uk,https://www.facebook.com/pages/DJS-Research/234972835547,https://twitter.com/djsresearch,https://www.linkedin.com/company/djs-research-ltd,contact@djsresearch.com
https://en.wikipedia.org/wiki/Main_Page,,,,
https://onexyazilim.com,https://www.facebook.com/onexyazilim,https://twitter.com/OYazilim,,info@onexyazilim.com
https://selleo.com,https://www.facebook.com/Selleo.Web.Mobile.Developers,https://twitter.com/selleo,https://www.linkedin.com/company/selleo,hello@selleo.com
https://techround.co.uk,https://www.facebook.com/TechRoundUK,https://twitter.com/techrounduk,https://www.linkedin.com/company/techround/,
https://www.dataannotation.tech,https://facebook.com/dataannotation,,,
https://www.neptune-software.com,,,,
https://www.one-beyond.com/contact-us/,https://www.facebook.com/OneBeyondSoftware,https://twitter.com/OneBeyond_,https://www.linkedin.com/company/onebeyond/,
https://www.rightfirms.co/contact,,,,
https://www.syntograde.com/,,,,zijlstra@businessaccelerator.nl
https://www.softwaredevelopment.co.uk,https://www.facebook.com/SoftwareDevUK/,https://twitter.com/SD__UK,https://www.linkedin.com/company/software-development-uk,"investors@softwaredevelopment.co.uk,sales@softwaredevelopment.co.uk,partners@softwaredevelopment.co.uk,info@softwaredevelopment.co.uk,support@softwaredevelopment.co.uk"
https://superbcompanies.com,https://www.facebook.com/superbcompanies/,https://twitter.com/superbcompanies,https://www.linkedin.com/company/superbcompanies/,
https://techround.co.uk/contact/,https://www.facebook.com/TechRoundUK,https://twitter.com/techrounduk,https://www.linkedin.com/company/techround/,info@techround.co.uk
https://finance.yahoo.com,https://facebook.com/yahoofinance,https://twitter.com/YahooFinance,https://www.linkedin.com/company/yahoo-finance,
https://magora-systems.com,,,,
https://magora-systems.com/contacts/,,,,
